Дата,Температура
2013-12-18,21.8
2013-12-19,21.78
2013-12-20,21.74
2013-12-21,21.63
2013-12-22,21.54
2013-12-23,21.46
2013-12-24,21.35
2013-12-25,21.25
2013-12-26,21.19
2013-12-27,21.16
2013-12-28,21.15
2013-12-29,21.13
2013-12-30,21.08
2013-12-31,21
2014-01-01,20.97
2014-01-02,20.94
2014-01-03,20.89
2014-01-04,20.86
2014-01-05,20.86
2014-01-06,20.85
2014-01-07,20.81
2014-01-08,20.72
2014-01-09,20.67
2014-01-10,20.66
2014-01-11,20.63
2014-01-12,20.6
2014-01-13,20.6
2014-01-14,20.62
2014-01-15,20.63
2014-01-16,20.63
2014-01-17,20.63
2014-01-18,20.64
2014-01-19,20.62
2014-01-20,20.62
2014-01-21,20.62
2014-01-22,20.63
2014-01-23,20.64
2014-01-24,20.66
2014-01-25,20.67
2014-01-26,20.67
2014-01-27,20.7
2014-01-28,20.71
2014-01-29,20.7
2014-01-30,20.72
2014-01-31,20.74
2014-02-01,20.77
2014-02-02,20.77
2014-02-03,20.78
2014-02-04,20.78
2014-02-05,20.77
2014-02-06,20.75
2014-02-07,20.72
2014-02-08,20.71
2014-02-09,20.68
2014-02-10,20.66
2014-02-11,20.63
2014-02-12,20.6
2014-02-13,20.58
2014-02-14,20.56
2014-02-15,20.53
2014-02-16,20.52
2014-02-17,20.52
2014-02-18,20.52
2014-02-19,20.53
2014-02-20,20.55
2014-02-21,20.56
2014-02-22,20.58
2014-02-23,20.59
2014-02-24,20.6
2014-02-25,20.6
2014-02-26,20.58
2014-02-27,20.56
2014-02-28,20.53
2014-03-01,20.52
2014-03-02,20.52
2014-03-03,20.51
2014-03-04,20.52
2014-03-05,20.51
2014-03-06,20.51
2014-03-07,20.52
2014-03-08,20.52
2014-03-09,20.53
2014-03-10,20.55
2014-03-11,20.56
2014-03-12,20.58
2014-03-13,20.59
2014-03-14,20.59
2014-03-15,20.62
2014-03-16,20.64
2014-03-17,20.67
2014-03-18,20.68
2014-03-19,20.72
2014-03-20,20.74
2014-03-21,20.77
2014-03-22,20.77
2014-03-23,20.82
2014-03-25,20.9
2014-03-26,20.93
2014-03-27,20.97
2014-03-28,20.98
2014-03-29,21
2014-03-30,20.98
2014-03-31,21
2014-04-01,21.05
2014-04-02,21.1
2014-04-03,21.21
2014-04-04,21.31
2014-04-05,21.4
2014-04-06,21.47
2014-04-07,21.54
2014-04-08,21.61
2014-04-09,21.65
2014-04-10,21.7
2014-04-11,21.74
2014-04-12,21.77
2014-04-13,21.81
2014-04-14,21.82
2014-04-15,21.86
2014-04-16,21.88
2014-04-17,21.88
2014-04-18,21.86
2014-04-19,21.86
2014-04-20,21.85
2014-04-21,21.88
2014-04-22,21.89
2014-04-23,21.9
2014-04-24,21.93
2014-04-25,21.96
2014-04-26,21.97
2014-04-27,22.01
2014-04-28,22.03
2014-04-29,22.05
2014-04-30,22.07
2014-05-01,22.11
2014-05-02,22.12
2014-05-03,22.15
2014-05-04,22.18
2014-05-05,22.2
2014-05-06,22.22
2014-05-07,22.24
2014-05-08,22.26
2014-05-09,22.28
2014-05-10,22.31
2014-05-11,22.35
2014-05-12,22.38
2014-05-13,22.41
2014-05-14,22.43
2014-05-15,22.53
2014-05-16,22.58
2014-05-17,22.66
2014-05-18,22.79
2014-05-19,23.04
2014-05-20,23.56
2014-05-21,24.55
2014-05-22,25.85
2014-05-23,26.79
2014-05-24,27.4
2014-05-25,28.47
2014-05-26,28.88
2014-05-27,29.51
2014-05-28,29.61
2014-05-29,29.43
2014-05-30,29.41
2014-05-31,29.42
2014-06-01,29.32
2014-06-02,29.26
2014-06-03,29.28
2014-06-04,29.42
2014-06-05,29.93
2014-06-06,29.77
2014-06-07,29.68
2014-06-08,29.95
2014-06-09,29.79
2014-06-10,29.65
2014-06-11,30.48
2014-06-12,29.8
2014-06-13,29.43
2014-06-14,29.19
2014-06-15,29
2014-06-16,29.19
2014-06-17,29.03
2014-06-18,28.94
2014-06-19,29.11
2014-06-20,28.97
2014-06-21,28.86
2014-06-22,28.75
2014-06-23,28.66
2014-06-24,28.56
2014-06-25,28.58
2014-06-26,28.63
2014-06-27,28.56
2014-06-28,28.48
2014-06-29,28.39
2014-06-30,28.31
2014-07-01,28.27
2014-07-02,28.18
2014-07-03,28.18
2014-07-04,28.13
2014-07-05,28.1
2014-07-06,28.17
2014-07-07,28.17
2014-07-08,28.16
2014-07-09,28.12
2014-07-10,28.02
2014-07-11,27.93
2014-07-12,27.8
2014-07-13,27.7
2014-07-14,27.62
2014-07-15,27.7
2014-07-16,27.71
2014-07-17,27.67
2014-07-18,27.63
2014-07-19,27.56
2014-07-20,27.47
2014-07-21,27.34
2014-07-22,27.29
2014-07-23,27.18
2014-07-24,27.05
2014-07-25,26.96
2014-07-26,26.83
2014-07-27,26.65
2014-07-28,26.49
2014-07-29,26.45
2014-07-30,26.57
2014-07-31,26.6
2014-08-01,26.61
2014-08-02,26.57
2014-08-03,26.5
2014-08-04,26.45
2014-08-05,26.39
2014-08-06,26.31
2014-08-07,26.2
2014-08-08,26.1
2014-08-09,25.99
2014-08-10,25.85
2014-08-11,25.77
2014-08-12,25.65
2014-08-13,25.54
2014-08-14,25.43
2014-08-15,25.35
2014-08-16,25.35
2014-08-17,25.39
2014-08-18,25.42
2014-08-19,25.47
2014-08-20,25.51
2014-08-21,25.53
2014-08-22,25.51
2014-08-23,25.49
2014-08-24,25.44
2014-08-25,25.38
2014-08-26,25.35
2014-08-27,25.32
2014-08-28,25.27
2014-08-29,25.2
2014-08-30,25.13
2014-08-31,25.08
2014-09-01,25.01
2014-09-02,24.97
2014-09-03,24.93
2014-09-04,24.9
2014-09-05,24.89
2014-09-06,24.88
2014-09-07,24.86
2014-09-08,24.88
2014-09-09,24.89
2014-09-10,24.9
2014-09-11,24.92
2014-09-12,24.9
2014-09-13,24.89
2014-09-14,24.86
2014-09-15,24.86
2014-09-16,24.86
2014-09-17,24.86
2014-09-18,24.86
2014-09-19,24.86
2014-09-20,24.85
2014-09-21,24.89
2014-09-22,24.94
2014-09-23,24.98
2014-09-24,25.04
2014-09-25,25.11
2014-09-26,25.19
2014-09-27,25.31
2014-09-28,25.51
2014-09-29,25.93
2014-09-30,26.3
2014-10-01,26.65
2014-10-02,27.99
2014-10-03,28.39
2014-10-04,28.56
2014-10-05,28.62
2014-10-06,28.63
2014-10-07,28.63
2014-10-08,28.63
2014-10-09,28.65
2014-10-10,28.65
2014-10-11,28.62
2014-10-12,28.62
2014-10-13,28.59
2014-10-14,28.56
2014-10-15,28.54
2014-10-16,28.52
2014-10-17,28.5
2014-10-18,28.5
2014-10-19,28.47
2014-10-20,28.46
2014-10-21,28.44
2014-10-22,28.44
2014-10-23,28.44
2014-10-24,28.44
2014-10-25,28.44
2014-10-26,28.46
2014-10-27,28.46
2014-10-28,28.46
2014-10-29,28.46
2014-10-30,28.44
2014-10-31,28.44
2014-11-01,28.43
2014-11-02,28.43
2014-11-03,28.42
2014-11-04,28.4
2014-11-05,28.39
2014-11-06,28.37
2014-11-07,28.35
2014-11-08,28.33
2014-11-09,28.32
2014-11-10,28.32
2014-11-13,28.25
2014-11-14,28.25
2014-11-15,28.24
2014-11-16,28.23
2014-11-17,28.2
2014-11-18,28.17
2014-11-19,28.14
2014-11-20,28.12
2014-11-21,28.1
2014-11-22,28.08
2014-11-23,28.05
2014-11-24,28.04
2014-11-25,28.02
2014-11-26,28.01
2014-11-27,27.98
2014-11-28,27.97
2014-11-29,27.94
2014-11-30,27.93
2014-12-01,27.89
2014-12-02,27.86
2014-12-03,27.85
2014-12-04,27.82
2014-12-05,27.79
2014-12-06,27.76
2014-12-07,27.74
2014-12-08,27.7
2014-12-09,27.68
2014-12-10,27.64
2014-12-11,27.62
2014-12-12,27.59
2014-12-13,27.55
2014-12-14,27.51
2014-12-15,27.45
2014-12-16,27.41
2014-12-17,27.34
2014-12-18,27.28
2014-12-19,27.21
2014-12-20,27.14
2014-12-21,27.07
2014-12-22,27
2014-12-23,26.95
2014-12-24,26.88
2014-12-25,26.83
2014-12-26,26.79
2014-12-27,26.73
2014-12-28,26.68
2014-12-29,26.64
2014-12-30,26.57
2014-12-31,26.53
2015-01-01,26.48
2015-01-02,26.42
2015-01-03,26.37
2015-01-04,26.31
2015-01-05,26.27
2015-01-06,26.22
2015-01-07,26.18
2015-01-08,26.12
2015-01-09,26.07
2015-01-10,26.01
2015-01-11,25.97
2015-01-12,25.92
2015-01-13,25.87
2015-01-14,25.82
2015-01-15,25.77
2015-01-16,25.72
2015-01-17,25.69
2015-01-18,25.65
2015-01-19,25.61
2015-01-20,25.55
2015-01-21,25.51
2015-01-22,25.49
2015-01-23,25.43
2015-01-24,25.4
2015-01-25,25.36
2015-01-26,25.32
2015-01-27,25.28
2015-01-28,25.24
2015-01-29,25.21
2015-01-30,25.17
2015-01-31,25.12
2015-02-01,25.09
2015-02-02,25.04
2015-02-03,25
2015-02-04,24.96
2015-02-05,24.92
2015-02-06,24.88
2015-02-07,24.83
2015-02-08,24.81
2015-02-09,24.77
2015-02-10,24.74
2015-02-11,19.86
2015-02-12,19.84
2015-02-13,20.22
2015-02-14,20.77
2015-02-15,24.37
2015-02-16,20.97
2015-02-17,24.24
2015-02-18,21.02
2015-02-19,21.04
2015-02-20,24.07
2015-02-21,24.03
2015-02-22,23.98
2015-02-23,23.93
2015-02-24,23.86
2015-02-25,23.8
2015-02-26,23.74
2015-02-27,23.7
2015-02-28,23.65
2015-03-01,23.61
2015-03-02,23.56
2015-03-03,23.51
2015-03-04,23.45
2015-03-05,23.38
2015-03-06,23.33
2015-03-07,23.26
2015-03-08,23.21
2015-03-09,23.15
2015-03-10,23.11
2015-03-11,23.07
2015-03-12,23.04
2015-03-13,23.02
2015-03-14,22.99
2015-03-15,22.98
2015-03-16,22.95
2015-03-17,22.94
2015-03-18,22.91
2015-03-19,22.89
2015-03-20,22.88
2015-03-21,22.85
2015-03-22,22.84
2015-03-23,22.8
2015-03-24,22.79
2015-03-25,22.79
2015-03-26,22.8
2015-03-27,22.81
2015-03-28,22.83
2015-03-29,22.84
2015-03-30,22.84
2015-03-31,22.85
2015-04-01,22.85
2015-04-02,22.87
2015-04-03,22.85
2015-04-04,22.84
2015-04-05,22.83
2015-04-06,22.83
2015-04-07,22.83
2015-04-08,22.83
2015-04-09,22.83
2015-04-10,22.84
2015-04-11,22.87
2015-04-12,22.88
2015-04-13,22.89
2015-04-14,22.91
2015-04-15,22.92
2015-04-16,22.95
2015-04-17,23.04
2015-04-18,23.15
2015-04-19,23.21
2015-04-20,23.26
2015-04-21,23.3
2015-04-22,23.34
2015-04-23,23.38
2015-04-24,23.42
2015-04-25,23.45
2015-04-26,23.51
2015-04-27,23.56
2015-04-28,23.6
2015-04-29,23.64
2015-04-30,23.68
2015-05-21,26.72
2015-05-22,26.81
2015-05-23,26.98
2015-05-24,27.15
2015-05-25,27.38
2015-05-26,27.64
2015-05-27,27.87
2015-05-28,28.12
2015-05-29,28.27
2015-05-30,28.4
2015-05-31,28.58
2015-06-01,28.88
2015-06-02,29.2
2015-06-03,29.19
2015-06-04,28.97
2015-06-05,28.82
2015-06-06,28.7
2015-06-07,28.61
2015-06-08,28.61
2015-06-09,28.69
2015-06-10,29.28
2015-06-11,29.16
2015-06-12,28.94
2015-06-13,28.77
2015-06-14,28.63
2015-06-15,28.65
2015-06-16,28.7
2015-06-17,28.65
2015-06-18,28.55
2015-06-19,28.46
2015-06-20,28.35
2015-06-21,28.27
2015-06-22,28.2
2015-06-23,28.13
2015-06-24,28.05
2015-06-25,27.98
2015-06-26,27.97
2015-06-27,27.99
2015-06-28,28.1
2015-06-29,28.47
2015-06-30,28.58
2015-07-01,28.51
2015-07-02,28.4
2015-07-03,28.27
2015-07-04,28.14
2015-07-05,27.98
2015-07-06,27.87
2015-07-07,27.76
2015-07-08,27.62
2015-07-09,27.44
2015-07-10,27.28
2015-07-11,27.11
2015-07-12,26.94
2015-07-13,26.72
2015-07-14,26.5
2015-07-15,26.29
2015-07-16,26.06
2015-07-17,25.84
2015-07-18,25.65
2015-07-19,25.43
2015-07-20,25.3
2015-07-21,25.16
2015-07-22,25.07
2015-07-23,25.01
2015-07-24,24.96
2015-07-25,24.97
2015-07-26,25
2015-07-27,25
2015-07-28,24.94
2015-07-29,24.96
2015-07-30,25
2015-07-31,25
2015-08-01,24.98
2015-08-02,24.96
2015-08-03,24.93
2015-08-04,24.93
2015-08-05,24.9
2015-08-06,24.83
2015-08-07,24.77
2015-08-08,24.69
2015-08-09,24.66
2015-08-10,24.62
2015-08-11,24.59
2015-08-12,24.58
2015-08-13,24.58
2015-08-14,24.55
2015-08-15,24.55
2015-08-16,24.55
2015-08-17,24.52
2015-08-18,24.5
2015-08-19,24.45
2015-08-20,24.39
2015-08-21,24.33
2015-08-22,24.25
2015-08-23,24.21
2015-08-24,24.21
2015-08-25,24.22
2015-08-26,24.24
2015-08-27,24.25
2015-08-28,24.28
2015-08-29,24.31
2015-08-30,24.35
2015-08-31,24.37
2015-09-01,24.41
2015-09-02,24.47
2015-09-03,24.51
2015-09-04,24.55
2015-09-05,24.6
2015-09-06,24.79
2015-09-07,24.98
2015-09-08,25.11
2015-09-09,25.21
2015-09-10,25.3
2015-09-11,25.38
2015-09-12,25.44
2015-09-13,25.5
2015-09-14,25.51
2015-09-15,25.54
2015-09-16,25.55
2015-09-17,25.57
2015-09-18,25.59
2015-09-19,25.61
2015-09-20,25.63
2015-09-21,25.63
2015-09-22,25.65
2015-09-23,25.68
2015-09-24,25.76
2015-09-25,25.89
2015-09-26,26.04
2015-09-27,26.19
2015-09-28,26.29
2015-09-29,26.38
2015-09-30,26.46
2015-10-01,26.58
2015-10-02,26.77
2015-10-03,26.91
2015-10-04,27.03
2015-10-05,27.11
2015-10-06,27.17
2015-10-07,27.22
2015-10-08,27.26
2015-10-09,27.29
2015-10-10,27.29
2015-10-11,27.3
2015-10-12,27.3
2015-10-13,27.29
2015-10-14,27.29
2015-10-15,27.3
2015-10-16,27.33
2015-10-17,27.37
2015-10-18,27.48
2015-10-19,27.59
2015-10-20,27.68
2015-10-21,27.75
2015-10-22,27.78
2015-10-23,27.79
2015-10-24,27.79
2015-10-25,27.79
2015-10-26,27.78
2015-10-27,27.75
2015-10-28,27.72
2015-10-29,27.7
2015-10-30,27.7
2015-10-31,27.68
2015-11-01,27.68
2015-11-02,27.68
2015-11-03,27.72
2015-11-04,27.72
2015-11-05,27.74
2015-11-06,27.71
2015-11-07,27.68
2015-11-08,27.64
2015-11-09,27.6
2015-11-10,27.55
2015-11-11,27.49
2015-11-12,27.43
2015-11-13,27.36
2015-11-14,27.3
2015-11-15,27.24
2015-11-16,27.17
2015-11-17,27.13
2015-11-18,27.07
2015-11-19,27.02
2015-11-20,26.98
2015-11-21,26.94
2015-11-22,26.9
2015-11-23,26.87
2015-11-24,26.84
2015-11-25,26.81
2015-11-26,26.79
2015-11-27,26.76
2015-11-28,26.71
2015-11-29,26.65
2015-11-30,26.61
2015-12-01,26.56
2015-12-02,26.48
2015-12-03,26.42
2015-12-04,26.34
2015-12-05,26.27
2015-12-06,26.2
2015-12-07,26.14
2015-12-08,26.1
2015-12-09,26.06
2015-12-10,26.01
2015-12-11,25.97
2015-12-12,25.93
2015-12-13,25.88
2015-12-14,25.81
2015-12-15,25.74
2015-12-16,25.66
2015-12-17,25.55
2015-12-18,25.46
2015-12-19,25.34
2015-12-20,25.24
2015-12-21,25.13
2015-12-22,25.04
2015-12-23,24.96
2015-12-24,24.86
2015-12-25,24.78
2015-12-26,24.69
2015-12-27,24.62
2015-12-28,24.55
2015-12-29,24.44
2015-12-30,24.29
2015-12-31,24.06
2016-01-01,23.8
2016-01-02,23.55
2016-01-03,23.3
2016-01-04,23.08
2016-01-05,22.89
2016-01-06,22.76
2016-01-07,22.64
2016-01-08,22.5
2016-01-09,22.38
2016-01-10,22.23
2016-01-11,22.08
2016-01-12,22
2016-01-13,21.97
2016-01-14,21.95
2016-01-15,21.88
2016-01-16,21.81
2016-01-17,21.73
2016-01-18,21.69
2016-01-19,21.67
2016-01-20,21.62
2016-01-21,21.58
2016-01-22,21.51
2016-01-23,21.44
2016-01-24,21.36
2016-01-25,21.31
2016-01-26,21.27
2016-01-27,21.25
2016-01-28,21.25
2016-01-29,21.25
2016-01-30,21.25
2016-01-31,21.25
2016-02-01,21.24
2016-02-02,21.23
2016-02-03,21.21
2016-02-04,21.16
2016-02-05,21.09
2016-02-06,21.06
2016-02-07,21.02
2016-02-08,21.01
2016-02-09,21.02
2016-02-10,21.04
2016-02-11,21.06
2016-02-12,21.05
2016-02-13,21.02
2016-02-14,21
2016-02-15,20.96
2016-02-16,20.94
2016-02-17,20.93
2016-02-18,20.91
2016-02-19,20.91
2016-02-20,20.9
2016-02-21,20.89
2016-02-22,20.9
2016-02-23,20.9
2016-02-24,20.91
2016-02-25,20.94
2016-02-26,20.96
2016-02-27,20.98
2016-02-28,21
2016-02-29,21.01
2016-03-01,21.02
2016-03-02,21.02
2016-03-03,21.04
2016-03-04,21.05
2016-03-05,21.06
2016-03-06,21.08
2016-03-07,21.09
2016-03-08,21.09
2016-03-09,21.09
2016-03-10,21.12
2016-03-11,21.13
2016-03-12,21.15
2016-03-13,21.16
2016-03-14,21.17
2016-03-15,21.19
2016-03-16,21.2
2016-03-17,21.21
2016-03-18,21.24
2016-03-19,21.24
2016-03-20,21.25
2016-03-21,21.25
2016-03-22,21.25
2016-03-23,21.25
2016-03-24,21.25
2016-03-25,21.27
2016-03-26,21.29
2016-03-27,21.32
2016-03-28,21.36
2016-03-29,21.4
2016-03-30,21.47
2016-03-31,21.51
2016-04-01,21.58
2016-04-02,21.65
2016-04-03,21.7
2016-04-04,21.76
2016-04-05,21.8
2016-04-06,21.85
2016-04-07,21.89
2016-04-08,21.92
2016-04-09,21.97
2016-04-10,22
2016-04-11,22.04
2016-04-12,22.08
2016-04-13,22.12
2016-04-14,22.15
2016-04-15,22.18
2016-04-16,22.22
2016-04-17,22.26
2016-04-18,22.37
2016-04-19,22.46
2016-04-20,22.52
2016-04-21,22.53
2016-04-22,22.54
2016-04-23,22.57
2016-04-24,22.58
2016-04-25,22.6
2016-04-26,22.61
2016-04-27,22.64
2016-04-28,22.65
2016-04-29,22.66
2016-04-30,22.68
2016-05-01,22.71
2016-05-02,22.72
2016-05-03,22.75
2016-05-04,22.76
2016-05-05,22.79
2016-05-06,22.8
2016-05-07,22.81
2016-05-08,22.84
2016-05-09,22.85
2016-05-10,22.87
2016-05-11,22.89
2016-05-12,22.91
2016-05-13,22.92
2016-05-14,22.94
2016-05-15,22.96
2016-05-16,24.62
2016-05-17,27.55
2016-05-18,28.48
2016-05-19,28.4
2016-05-20,28.66
2016-05-21,28.92
2016-05-22,29.04
2016-05-23,29.22
2016-05-24,29.39
2016-05-25,29.31
2016-05-26,29.57
2016-05-27,29.57
2016-05-28,29.62
2016-05-29,29.74
2016-05-30,29.74
2016-05-31,30.02
2016-06-01,29.85
2016-06-02,29.85
2016-06-03,29.99
2016-06-04,30.22
2016-06-05,30.02
2016-06-06,29.68
2016-06-07,29.38
2016-06-08,29.12
2016-06-09,28.93
2016-06-10,28.8
2016-06-11,28.66
2016-06-12,28.55
2016-06-13,28.48
2016-06-14,28.4
2016-06-15,28.31
2016-06-16,28.23
2016-06-17,28.63
2016-06-27,28.82
2016-06-28,29.15
2016-06-29,29.07
2016-06-30,28.85
2016-07-01,28.7
2016-07-02,28.62
2016-07-03,29.16
2016-07-04,29.19
2016-07-05,29.57
2016-07-06,29.39
2016-07-07,29.23
2016-07-08,29.05
2016-07-09,28.9
2016-07-10,28.78
2016-07-11,28.69
2016-07-12,28.58
2016-07-13,28.44
2016-07-14,28.32
2016-07-15,28.51
2016-07-16,28.89
2016-07-17,28.85
2016-07-18,28.77
2016-07-19,28.98
2016-07-20,28.94
2016-07-21,28.85
2016-07-22,29.03
2016-07-23,29.58
2016-07-24,29.16
2016-07-25,28.94
2016-07-26,28.77
2016-07-27,28.62
2016-07-28,28.5
2016-07-29,28.69
2016-07-30,28.84
2016-07-31,28.93
2016-08-01,29.47
2016-08-02,29.19
2016-08-03,28.98
2016-08-04,28.85
2016-08-05,28.71
2016-08-06,28.59
2016-08-07,28.47
2016-08-08,28.46
2016-08-09,28.43
2016-08-10,28.36
2016-08-11,28.29
2016-08-12,28.2
2016-08-13,28.13
2016-08-14,28.05
2016-08-15,27.99
2016-08-16,27.95
2016-08-17,27.91
2016-08-18,27.91
2016-08-19,27.93
2016-08-20,27.91
2016-08-21,27.91
2016-08-22,27.89
2016-08-23,27.87
2016-08-24,27.89
2016-08-25,27.86
2016-08-26,27.83
2016-08-27,27.79
2016-08-28,27.71
2016-08-29,27.66
2016-08-30,27.57
2016-08-31,27.52
2016-09-01,27.45
2016-09-02,27.4
2016-09-03,27.34
2016-09-04,27.3
2016-09-05,27.28
2016-09-06,27.25
2016-09-07,27.21
2016-09-08,27.15
2016-09-09,27.11
2016-09-10,27.11
2016-09-11,27.13
2016-09-12,27.14
2016-09-13,27.28
2016-09-14,27.41
2016-09-15,27.56
2016-09-16,27.75
2016-09-17,27.82
2016-09-18,27.83
2016-09-19,27.85
2016-09-20,27.82
2016-09-21,27.79
2016-09-22,27.78
2016-09-23,27.74
2016-09-24,27.7
2016-09-25,27.67
2016-09-26,27.7
2016-09-27,27.72
2016-09-28,27.75
2016-09-29,27.8
2016-09-30,27.85
2016-10-01,27.86
2016-10-07,27.99
2016-10-08,28.01
2016-10-09,28.06
2016-10-10,28.14
2016-10-11,28.2
2016-10-12,28.25
2016-10-13,28.29
2016-10-14,28.31
2016-10-15,28.31
2016-10-16,28.29
2016-10-17,28.29
2016-10-18,28.29
2016-10-19,28.31
2016-10-20,28.31
2016-10-21,28.31
2016-10-22,28.32
2016-10-23,28.31
2016-10-24,28.31
2016-10-25,28.31
2016-10-26,28.29
2016-10-27,28.28
2016-10-28,28.28
2016-10-29,28.27
2016-10-30,28.25
2016-10-31,28.24
2016-11-01,28.24
2016-11-02,28.23
2016-11-03,28.23
2016-11-04,28.23
2016-11-05,28.23
2016-11-06,28.21
2016-11-07,28.21
2016-11-08,28.2
2016-11-09,28.18
2016-11-10,28.18
2016-11-11,28.16
2016-11-12,28.14
2016-11-13,28.12
2016-11-14,28.1
2016-11-15,28.09
2016-11-16,28.06
2016-11-17,28.05
2016-11-18,28.02
2016-11-19,28.01
2016-11-20,27.98
2016-11-21,27.97
2016-11-22,27.95
2016-11-23,27.93
2016-11-24,27.93
2016-11-25,27.91
2016-11-26,27.9
2016-11-27,27.89
2016-11-28,27.86
2016-11-29,27.85
2016-11-30,27.83
2016-12-01,27.8
2016-12-02,27.78
2016-12-03,27.76
2016-12-04,27.74
2016-12-05,27.71
2016-12-06,27.7
2016-12-07,27.68
2016-12-08,27.67
2016-12-09,27.64
2016-12-10,27.63
2016-12-11,27.63
2016-12-12,27.62
2016-12-13,27.6
2016-12-14,27.6
2016-12-15,27.6
2016-12-16,27.59
2016-12-17,27.57
2016-12-18,27.57
2016-12-19,27.55
2016-12-20,27.53
2016-12-21,27.52
2016-12-22,27.51
2016-12-23,27.48
2016-12-24,27.47
2016-12-25,27.45
2016-12-26,27.41
2016-12-27,27.4
2016-12-28,27.37
2016-12-29,27.34
2016-12-30,27.3
2016-12-31,27.29
2017-01-01,27.25
2017-01-02,27.22
2017-01-03,27.19
2017-01-04,27.17
2017-01-05,27.14
2017-01-06,27.11
2017-01-07,27.09
2017-01-08,27.05
2017-01-09,27.03
2017-01-10,26.99
2017-01-11,26.95
2017-01-12,26.92
2017-01-13,26.88
2017-01-14,26.84
2017-01-15,26.77
2017-01-16,26.73
2017-01-17,26.69
2017-01-18,26.64
2017-01-19,26.58
2017-01-20,26.54
2017-01-21,26.48
2017-01-22,26.42
2017-01-23,26.37
2017-01-24,26.3
2017-01-25,26.25
2017-01-26,26.19
2017-01-27,26.15
2017-01-28,26.1
2017-01-29,26.06
2017-01-30,26
2017-01-31,25.96
2017-02-01,25.92
2017-02-02,25.88
2017-02-03,25.82
2017-02-04,25.78
2017-02-05,25.76
2017-02-06,25.72
2017-02-07,25.69
2017-02-08,25.65
2017-02-09,25.62
2017-02-10,25.58
2017-02-11,25.54
2017-02-12,25.5
2017-02-13,25.46
2017-02-14,25.42
2017-02-15,25.38
2017-02-16,25.34
2017-02-17,25.3
2017-02-18,25.27
2017-02-19,25.23
2017-02-20,25.2
2017-02-21,25.17
2017-02-22,25.16
2017-02-23,25.13
2017-02-24,25.12
2017-02-25,25.11
2017-02-26,25.09
2017-02-27,25.07
2017-02-28,25.05
2017-03-01,25.02
2017-03-02,25.01
2017-03-03,24.98
2017-03-04,24.97
2017-03-05,24.94
2017-03-06,24.92
2017-03-07,24.9
2017-03-08,24.89
2017-03-09,24.86
2017-03-10,24.83
2017-03-11,24.82
2017-03-12,24.79
2017-03-13,24.78
2017-03-14,24.77
2017-03-15,24.74
2017-03-16,24.73
2017-03-17,24.7
2017-03-18,24.69
2017-03-19,24.67
2017-03-20,24.66
2017-03-21,24.63
2017-03-22,24.6
2017-03-23,24.59
2017-03-24,24.58
2017-03-25,24.56
2017-03-26,24.55
2017-03-27,24.55
2017-03-28,24.55
2017-03-29,24.55
2017-03-30,24.55
2017-03-31,24.55
2017-04-01,24.56
2017-04-02,24.58
2017-04-03,24.59
2017-04-04,24.6
2017-04-05,24.62
2017-04-06,24.62
2017-04-07,24.63
2017-04-08,24.63
2017-04-09,24.64
2017-04-10,24.66
2017-04-11,24.66
2017-04-12,24.67
2017-04-13,24.66
2017-04-14,24.66
2017-04-15,24.67
2017-04-16,24.69
2017-04-17,24.69
2017-04-18,24.69
2017-04-19,24.69
2017-04-20,24.69
2017-04-21,24.7
2017-04-22,24.73
2017-04-23,24.74
2017-04-24,24.78
2017-04-25,24.83
2017-04-26,24.89
2017-04-27,25.05
2017-04-28,25.34
2017-04-29,25.65
2017-04-30,25.85
2017-05-01,26.03
2017-05-02,26.15
2017-05-03,26.25
2017-05-04,26.38
2017-05-05,26.56
2017-05-06,26.73
2017-05-07,26.9
2017-05-08,27.02
2017-05-09,27.14
2017-05-10,27.26
2017-05-11,27.37
2017-05-12,27.47
2017-05-13,27.56
2017-05-14,27.63
2017-05-15,27.68
2017-05-16,27.74
2017-05-17,27.78
2017-05-18,27.8
2017-05-19,27.8
2017-05-20,27.8
2017-05-21,27.86
2017-05-22,27.91
2017-05-23,28.88
2017-05-24,29.16
2017-05-25,28.93
2017-05-26,28.9
2017-05-27,29.07
2017-05-28,29.16
2017-05-29,29.19
2017-05-30,29.23
2017-05-31,29.22
2017-06-01,29.05
2017-06-02,28.93
2017-06-03,28.85
2017-06-04,28.78
2017-06-05,28.74
2017-06-06,29.28
2017-06-07,29.31
2017-06-08,29.34
2017-06-09,29.08
2017-06-10,28.92
2017-06-11,28.92
2017-06-12,28.96
2017-06-13,28.86
2017-06-14,29.04
2017-06-15,28.93
2017-06-16,28.82
2017-06-17,28.7
2017-06-18,28.62
2017-06-19,28.52
2017-06-20,28.44
2017-06-21,28.37
2017-06-22,28.27
2017-06-23,28.16
2017-06-24,28.09
2017-06-25,28.31
2017-06-26,28.67
2017-06-27,28.63
2017-06-28,28.8
2017-06-29,29.08
2017-06-30,29
2017-07-01,28.88
2017-07-02,28.75
2017-07-03,28.63
2017-07-04,28.52
2017-07-05,28.37
2017-07-06,28.25
2017-07-07,28.09
2017-07-08,27.89
2017-07-09,27.7
2017-07-10,27.52
2017-07-11,27.36
2017-07-12,27.18
2017-07-13,27.09
2017-07-14,27.82
2017-07-15,28.24
2017-07-16,28.27
2017-07-17,28.35
2017-07-18,28.58
2017-07-19,28.52
2017-07-20,28.42
2017-07-21,28.32
2017-07-22,28.2
2017-07-23,28.08
2017-07-24,27.97
2017-07-25,27.79
2017-07-26,27.62
2017-07-27,27.4
2017-07-28,27.18
2017-07-29,26.95
2017-07-30,26.73
2017-07-31,26.52
2017-08-01,26.29
2017-08-02,26.08
2017-08-03,25.89
2017-08-04,25.82
2017-08-05,25.84
2017-08-06,25.88
2017-08-07,25.89
2017-08-08,25.87
2017-08-09,25.78
2017-08-10,25.68
2017-08-11,25.62
2017-08-12,25.61
2017-08-13,25.63
2017-08-14,25.65
2017-08-15,25.68
2017-08-16,25.72
2017-08-17,25.7
2017-08-18,25.7
2017-08-19,25.72
2017-08-20,25.69
2017-08-21,25.68
2017-08-22,25.65
2017-08-23,25.63
2017-08-24,25.59
2017-08-25,25.57
2017-08-26,25.51
2017-08-27,25.5
2017-08-28,25.46
2017-08-29,25.42
2017-08-30,25.38
2017-08-31,25.34
2017-09-01,25.3
2017-09-02,25.24
2017-09-03,25.2
2017-09-04,25.17
2017-09-05,25.12
2017-09-06,25.11
2017-09-07,25.08
2017-09-08,25.04
2017-09-09,25.01
2017-09-10,25
2017-09-11,24.97
2017-09-12,24.97
2017-09-13,24.97
2017-09-14,24.96
2017-09-15,24.94
2017-09-16,24.93
2017-09-17,24.92
2017-09-18,24.92
2017-09-19,24.9
2017-09-20,24.89
2017-09-21,24.88
2017-09-22,24.88
2017-09-23,24.86
2017-09-24,24.85
2017-09-25,24.85
2017-09-26,24.83
2017-09-27,24.82
2017-09-28,24.82
2017-09-29,24.81
2017-09-30,24.81
2017-10-01,24.81
2017-10-02,24.81
2017-10-03,24.81
2017-10-04,24.81
2017-10-05,24.81
2017-10-06,24.82
2017-10-07,24.82
2017-10-08,24.82
2017-10-09,24.81
2017-10-10,24.82
2017-10-11,24.82
2017-10-12,24.83
2017-10-13,24.83
2017-10-14,24.83
2017-10-15,24.83
2017-10-16,24.83
2017-10-17,24.83
2017-10-18,24.85
2017-10-19,24.85
2017-10-20,24.86
2017-10-21,24.86
2017-10-22,24.88
2017-10-23,24.88
2017-10-24,24.88
2017-10-25,24.89
2017-10-26,24.88
2017-10-27,24.88
2017-10-28,24.89
2017-10-29,24.89
2017-10-30,24.9
2017-10-31,24.9
2017-11-01,24.9
2017-11-02,24.89
2017-11-03,24.9
2017-11-04,24.9
2017-11-05,24.92
2017-11-06,24.92
2017-11-07,24.92
2017-11-08,24.92
2017-11-09,24.92
2017-11-10,24.93
2017-11-11,24.93
2017-11-12,24.93
2017-11-13,24.94
2017-11-14,24.94
2017-11-15,24.94
2017-11-16,24.93
2017-11-17,24.93
2017-11-18,24.93
2017-11-19,24.93
2017-11-20,24.93
2017-11-21,24.92
2017-11-22,24.9
2017-11-23,24.9
2017-11-24,24.9
2017-11-25,24.89
2017-11-26,24.88
2017-11-27,24.88
2017-11-28,24.85
2017-11-29,24.85
2017-11-30,24.82
2017-12-01,24.82
2017-12-02,24.81
2017-12-03,24.79
2017-12-04,24.78
2017-12-05,24.78
2017-12-06,24.75
2017-12-07,24.74
2017-12-08,24.73
2017-12-09,24.71
2017-12-10,24.7
2017-12-11,24.67
2017-12-12,24.66
2017-12-13,24.63
2017-12-14,24.62
2017-12-15,24.6
2017-12-16,24.58
2017-12-17,24.55
2017-12-18,24.52
2017-12-19,24.48
2017-12-20,24.45
2017-12-21,24.43
2017-12-22,24.39
2017-12-23,24.35
2017-12-24,24.31
2017-12-25,24.28
2017-12-26,24.24
2017-12-27,24.17
2017-12-28,24.06
2017-12-29,23.97
2017-12-30,23.86
2017-12-31,23.79
2018-01-01,23.7
2018-01-02,23.61
2018-01-03,23.51
2018-01-04,23.4
2018-01-05,23.26
2018-01-06,23.13
2018-01-07,22.96
2018-01-08,22.83
2018-01-09,22.69
2018-01-10,22.57
2018-01-11,22.46
2018-01-12,22.37
2018-01-13,22.3
2018-01-14,22.22
2018-01-15,22.18
2018-01-16,22.15
2018-01-17,22.12
2018-01-18,22.09
2018-01-19,22.07
2018-01-20,22.05
2018-01-21,22.03
2018-01-22,22
2018-01-23,21.97
2018-01-24,21.93
2018-01-25,21.9
2018-01-26,21.86
2018-01-27,21.82
2018-01-28,21.8
2018-01-29,21.74
2018-01-30,21.7
2018-01-31,21.65
2018-02-01,21.59
2018-02-02,21.55
2018-02-03,21.51
2018-02-04,21.47
2018-02-05,21.46
2018-02-06,21.44
2018-02-07,21.42
2018-02-08,21.39
2018-02-09,21.38
2018-02-10,21.36
2018-02-11,21.34
2018-02-12,21.32
2018-02-13,21.29
2018-02-14,21.29
2018-02-15,21.29
2018-02-16,21.29
2018-02-17,21.29
2018-02-18,21.29
2018-02-19,21.31
2018-02-20,21.31
2018-02-21,21.29
2018-02-22,21.29
2018-02-23,21.29
2018-02-24,21.29
2018-02-25,21.29
2018-02-26,21.29
2018-02-27,21.31
2018-02-28,21.31
2018-03-01,21.32
2018-03-02,21.32
2018-03-03,21.34
2018-03-04,21.35
2018-03-05,21.36
2018-03-06,21.36
2018-03-07,21.38
2018-03-08,21.38
2018-03-09,21.4
2018-03-10,21.39
2018-03-11,21.4
2018-03-12,21.42
2018-03-13,21.43
2018-03-14,21.43
2018-03-15,21.44
2018-03-16,21.46
2018-03-17,21.47
2018-03-18,21.47
2018-03-19,21.48
2018-03-20,21.5
2018-03-21,21.5
2018-03-22,21.5
2018-03-23,21.51
2018-03-24,21.51
2018-03-25,21.53
2018-03-26,21.54
2018-03-27,21.55
2018-03-28,21.55
2018-03-29,21.57
2018-03-30,21.59
2018-03-31,21.61
2018-04-01,21.61
2018-04-02,21.63
2018-04-03,21.66
2018-04-04,21.69
2018-04-05,21.71
2018-04-06,21.74
2018-04-07,21.77
2018-04-08,21.81
2018-04-09,21.85
2018-04-10,21.9
2018-04-11,21.95
2018-04-12,21.99
2018-04-13,22.01
2018-04-14,22.05
2018-04-15,22.08
2018-04-16,22.12
2018-04-17,22.15
2018-04-18,22.19
2018-04-19,22.22
2018-04-20,22.26
2018-04-21,22.3
2018-04-22,22.34
2018-04-23,22.37
2018-04-24,23.14
2018-04-25,27.66
2018-04-26,27.93
2018-04-27,28.18
2018-04-28,28.9
2018-04-29,29.15
2018-04-30,29.22
2018-05-01,29.3
2018-05-02,29.13
2018-05-03,29.24
2018-05-04,29.34
2018-05-05,29.19
2018-05-06,29.12
2018-05-07,29.31
2018-05-08,29.41
2018-05-09,29.46
2018-05-10,29.62
2018-05-11,29.72
2018-05-12,29.74
2018-05-13,30.03
2018-05-14,29.64
2018-05-15,29.42
2018-05-16,29.53
2018-05-17,29.55
2018-05-18,29.42
2018-05-19,29.53
2018-05-20,29.6
2018-05-21,29.68
2018-05-22,29.76
2018-05-23,29.73
2018-05-24,29.57
2018-05-25,29.65
2018-05-26,29.74
2018-05-27,29.8
2018-05-28,29.81
2018-05-29,29.55
2018-05-30,29.55
2018-05-31,29.43
2018-06-01,29.41
2018-06-02,29.38
2018-06-03,29.39
2018-06-04,29.58
2018-06-05,29.93
2018-06-06,29.65
2018-06-07,29.34
2018-06-08,29.15
2018-06-09,29.53
2018-06-10,29.28
2018-06-11,29.03
2018-06-12,29.15
2018-06-13,29.04
2018-06-14,28.92
2018-06-15,28.9
2018-06-16,29.08
2018-06-17,29.23
2018-06-18,29.05
2018-06-19,28.88
2018-07-11,28.21
2018-07-12,28.17
2018-07-13,28.17
2018-07-14,28.23
2018-07-15,28.4
2018-07-16,28.61
2018-07-17,28.54
2018-07-18,28.48
2018-07-19,28.36
2018-07-20,28.24
2018-07-21,28.13
2018-07-22,28.01
2018-07-23,27.87
2018-07-24,27.76
2018-07-25,27.64
2018-07-26,27.51
2018-07-27,27.41
2018-07-28,27.33
2018-07-29,27.3
2018-07-30,27.26
2018-07-31,27.22
2018-08-01,27.13
2018-08-02,27.07
2018-08-03,27.05
2018-08-04,26.96
2018-08-05,26.88
2018-08-06,26.77
2018-08-07,26.64
2018-08-08,26.52
2018-08-09,26.41
2018-08-10,26.3
2018-08-11,26.12
2018-08-12,25.97
2018-08-13,26.2
2018-08-14,26.39
2018-08-15,26.45
2018-08-16,26.45
2018-08-17,26.41
2018-08-18,26.33
2018-08-19,26.3
2018-08-20,26.26
2018-08-21,26.19
2018-08-22,26.2
2018-08-23,26.23
2018-08-26,26.49
2018-08-27,26.64
2018-08-28,26.67
2018-08-29,26.68
2018-08-30,26.71
2018-08-31,26.71
2018-09-01,26.69
2018-09-02,26.68
2018-09-03,26.65
2018-09-04,26.64
2018-09-05,26.6
2018-09-06,26.56
2018-09-07,26.52
2018-09-08,26.46
2018-09-09,26.42
2018-09-10,26.37
2018-09-11,26.33
2018-09-12,26.31
2018-09-13,26.31
2018-09-14,26.31
2018-09-15,26.33
2018-09-16,26.33
2018-09-17,26.31
2018-09-18,26.31
2018-09-19,26.3
2018-09-20,26.29
2018-09-21,26.3
2018-09-22,26.29
2018-09-23,26.27
2018-09-24,26.27
2018-09-25,26.27
2018-09-26,26.27
2018-09-27,26.31
2018-09-28,26.37
2018-09-29,26.41
2018-09-30,26.48
2018-10-01,26.53
2018-10-02,26.58
2018-10-03,26.64
2018-10-04,26.67
2018-10-05,26.68
2018-10-06,26.69
2018-10-07,26.72
2018-10-08,26.72
2018-10-09,26.73
2018-10-10,26.75
2018-10-11,26.75
2018-10-12,26.73
2018-10-13,26.73
2018-10-14,26.73
2018-10-15,26.73
2018-10-16,26.72
2018-10-17,26.72
2018-10-18,26.71
2018-10-19,26.69
2018-10-20,26.67
2018-10-21,26.65
2018-10-22,26.62
2018-10-23,26.58
2018-10-24,26.56
2018-10-25,26.53
2018-10-26,26.5
2018-10-27,26.48
2018-10-28,26.46
2018-10-29,26.46
2018-10-30,26.45
2018-10-31,26.45
2018-11-01,26.46
2018-11-02,26.46
2018-11-03,26.46
2018-11-04,26.46
2018-11-05,26.48
2018-11-06,26.46
2018-11-07,26.45
2018-11-08,26.41
2018-11-09,26.38
2018-11-10,26.35
2018-11-11,26.33
2018-11-12,26.3
2018-11-13,26.26
2018-11-14,26.23
2018-11-15,26.2
2018-11-16,26.18
2018-11-17,26.14
2018-11-18,26.08
2018-11-19,26.04
2018-11-20,26
2018-11-21,25.95
2018-11-22,25.91
2018-11-23,25.85
2018-11-24,25.81
2018-11-25,25.76
2018-11-26,25.72
2018-11-27,25.7
2018-11-28,25.68
2018-11-29,25.65
2018-11-30,25.63
2018-12-01,25.61
2018-12-02,25.58
2018-12-03,25.55
2018-12-04,25.53
2018-12-05,25.5
2018-12-06,25.47
2018-12-07,25.43
2018-12-08,25.39
2018-12-09,25.35
2018-12-10,25.31
2018-12-11,25.27
2018-12-12,25.23
2018-12-13,25.2
2018-12-14,25.15
2018-12-15,25.12
2018-12-16,25.08
2018-12-17,25.02
2018-12-18,24.98
2018-12-21,24.85
2018-12-22,24.83
2018-12-23,24.79
2018-12-24,24.77
2018-12-25,24.73
2018-12-26,24.7
2018-12-27,24.66
2018-12-28,24.63
2018-12-29,24.6
2018-12-30,24.55
2018-12-31,24.52
2019-01-01,24.5
2019-01-02,24.45
2019-01-03,24.39
2019-01-04,24.31
2019-01-05,24.21
2019-01-06,24.07
2019-01-07,23.91
2019-01-08,23.67
2019-01-09,23.37
2019-01-10,23.08
2019-01-11,22.85
2019-01-12,22.65
2019-01-13,22.5
2019-01-14,22.35
2019-01-15,22.19
2019-01-16,22.07
2019-01-17,22.01
2019-01-18,21.97
2019-01-19,21.92
2019-01-20,21.85
2019-01-21,21.8
2019-01-22,21.77
2019-01-23,21.74
2019-01-24,21.69
2019-01-25,21.62
2019-01-26,21.55
2019-01-27,21.48
2019-01-28,21.44
2019-01-29,21.38
2019-01-30,21.34
2019-01-31,21.28
2019-02-01,21.27
2019-02-02,21.27
2019-02-03,21.27
2019-02-04,21.23
2019-02-05,21.19
2019-02-06,21.17
2019-02-07,21.15
2019-02-08,21.12
2019-02-09,21.1
2019-02-10,21.08
2019-02-11,21.05
2019-02-12,21.05
2019-02-13,21.05
2019-02-14,21.05
2019-02-15,21.05
2019-02-16,21.06
2019-02-17,21.08
2019-02-18,21.08
2019-02-19,21.08
2019-02-20,21.09
2019-02-21,21.08
2019-02-22,21.08
2019-02-23,21.06
2019-02-24,21.01
2019-02-26,21.01
2019-02-27,20.98
2019-02-28,20.97
2019-03-01,20.97
2019-03-02,20.97
2019-03-03,20.97
2019-03-04,20.98
2019-03-05,21.01
2019-03-06,21.01
2019-03-07,21.02
2019-03-08,21.01
2019-03-09,21.01
2019-03-10,21.01
2019-03-11,21.01
2019-03-12,21.01
2019-03-13,21.01
2019-03-14,21
2019-03-15,21
2019-03-16,21
2019-03-17,21
2019-03-18,21.02
2019-03-19,21.05
2019-03-20,21.08
2019-03-21,21.09
2019-03-22,21.09
2019-03-23,21.1
2019-03-24,21.13
2019-03-25,21.17
2019-03-26,21.19
2019-03-27,21.21
2019-03-28,21.21
2019-03-29,21.25
2019-03-30,21.29
2019-03-31,21.35
2019-04-01,21.39
2019-04-02,21.44
2019-04-03,21.47
2019-04-04,21.51
2019-04-05,21.54
2019-04-06,21.58
2019-04-07,21.62
2019-04-08,21.66
2019-04-09,21.71
2019-04-10,21.74
2019-04-11,21.77
2019-04-12,21.81
2019-04-13,21.85
2019-04-14,21.88
2019-04-15,21.9
2019-04-16,25.24
2019-04-17,26.64
2019-04-18,26.68
2019-04-19,26.3
2019-04-20,26
2019-04-21,25.66
2019-04-22,25.42
2019-04-23,25.43
2019-04-24,25.53
2019-04-25,25.59
2019-04-26,25.61
2019-04-27,25.68
2019-04-29,25.66
2019-04-30,25.66
2019-05-01,25.69
2019-05-02,25.74
2019-05-03,25.78
2019-05-04,25.81
2019-05-05,25.85
2019-05-06,25.88
2019-05-07,25.89
2019-05-08,25.91
2019-05-09,25.92
2019-05-10,25.93
2019-05-11,25.96
2019-05-12,25.99
2019-05-13,26.01
2019-05-14,26.03
2019-05-15,26.04
2019-05-16,26.07
2019-05-17,26.08
2019-05-18,26.12
2019-05-19,26.14
2019-05-20,26.18
2019-05-21,26.19
2019-05-22,26.22
2019-05-23,26.26
2019-05-24,26.3
2019-05-25,26.96
2019-05-26,26.76
2019-05-27,26.77
2019-05-28,26.79
2019-05-29,26.92
2019-05-30,26.98
2019-05-31,26.91
2019-06-02,27.55
2019-06-03,27.36
2019-06-04,27.34
2019-06-05,27.45
2019-06-06,27.7
2019-06-07,28.12
2019-06-08,29.17
2019-06-09,29.91
2019-06-10,29.79
2019-06-11,29.7
2019-06-12,29.6
2019-06-13,29.83
2019-06-14,29.65
2019-06-15,29.41
2019-06-16,29.28
2019-06-17,29.27
2019-06-18,29.13
2019-06-19,29.04
2019-06-20,28.98
2019-06-21,29.01
2019-06-22,28.93
2019-06-23,28.89
2019-06-24,28.84
2019-06-25,28.74
2019-06-26,28.66
2019-06-27,28.56
2019-06-28,28.46
2019-06-29,28.37
2019-06-30,28.32
2019-07-01,27.9
2019-07-02,27.93
2019-07-07,27.93
2019-07-08,27.94
2019-07-09,27.9
2019-07-10,27.97
2019-07-11,27.94
2019-07-12,27.89
2019-07-13,27.78
2019-07-14,27.68
2019-07-15,27.52
2019-07-16,27.34
2019-07-17,27.13
2019-07-18,26.91
2019-07-19,26.68
2019-07-20,26.44
2019-07-21,26.18
2019-07-22,25.99
2019-07-23,25.88
2019-07-24,25.73
2019-07-25,25.59
2019-07-26,25.46
2019-07-27,25.3
2019-07-28,25.11
2019-07-29,24.98
2019-07-31,24.71
2019-08-01,24.66
2019-08-02,24.59
2019-08-03,24.52
2019-08-04,24.44
2019-08-05,24.37
2019-08-06,24.29
2019-08-07,24.21
2019-08-08,24.12
2019-08-09,24.01
2019-08-10,23.9
2019-08-11,23.82
2019-08-12,23.71
2019-08-13,23.6
2019-08-14,23.49
2019-08-15,23.41
2019-08-16,23.37
2019-08-17,23.33
2019-08-18,23.3
2019-08-19,23.29
2019-08-20,23.27
2019-08-21,23.29
2019-08-22,23.29
2019-08-23,23.29
2019-08-24,23.29
2019-08-25,23.3
2019-08-26,23.32
2019-08-27,23.32
2019-08-28,23.32
2019-08-29,23.33
2019-08-30,23.3
2019-08-31,23.29
2019-09-01,23.26
2019-09-02,23.22
2019-09-03,23.22
2019-09-04,23.18
2019-09-05,23.17
2019-09-06,23.17
2019-09-07,23.14
2019-09-08,23.13
2019-09-09,23.13
2019-09-10,23.13
2019-09-11,23.14
2019-09-12,23.15
2019-09-13,23.17
2019-09-14,23.18
2019-09-15,23.19
2019-09-16,23.25
2019-09-17,23.32
2019-09-18,23.41
2019-09-19,23.53
2019-09-20,24.64
2019-09-21,26.42
2019-09-22,27.37
2019-09-23,27.8
2019-09-24,27.95
2019-09-25,28.01
2019-09-26,28.02
2019-09-27,28.02
2019-09-28,28.02
2019-09-29,28.02
2019-09-30,28.05
2019-10-01,28.13
2019-10-02,28.2
2019-10-03,28.27
2019-10-04,28.29
2019-10-05,28.31
2019-10-06,28.31
2019-10-07,28.46
2019-10-08,28.59
2019-10-09,28.65
2019-10-10,28.66
2019-10-11,28.66
2019-10-12,28.62
2019-10-13,28.59
2019-10-14,28.56
2019-10-15,28.55
2019-10-16,28.51
2019-10-17,28.5
2019-10-18,28.48
2019-10-19,28.46
2019-10-20,28.4
2019-10-21,28.36
2019-10-22,28.33
2019-10-23,28.29
2019-10-24,28.25
2019-10-25,28.2
2019-10-26,28.14
2019-10-27,28.09
2019-10-28,28.01
2019-10-29,27.93
2019-10-30,27.85
2019-10-31,27.75
2019-11-01,27.67
2019-11-02,27.6
2019-11-03,27.55
2019-11-04,27.52
2019-11-05,27.48
2019-11-06,27.43
2019-11-07,27.37
2019-11-08,27.29
2019-11-09,27.18
2019-11-10,27.07
2019-11-11,26.94
2019-11-12,26.81
2019-11-13,26.68
2019-11-14,26.57
2019-11-15,26.44
2019-11-16,26.31
2019-11-17,26.16
2019-11-18,26.01
2019-11-19,25.84
2019-11-20,25.63
2019-11-21,25.42
2019-11-22,25.21
2019-11-23,25.04
2019-11-24,24.83
2019-11-25,24.59
2019-11-26,24.29
2019-11-27,23.97
2019-11-28,23.56
2019-11-29,23.14
2019-11-30,22.72
2019-12-01,22.26
2019-12-02,21.92
2019-12-03,21.78
2019-12-04,21.76
2019-12-05,21.73
2019-12-06,21.7
2019-12-07,21.71
2019-12-08,21.66
2019-12-09,21.59
2019-12-10,21.5
2019-12-11,21.48
2019-12-12,21.43
2019-12-13,21.4
2019-12-14,21.36
2019-12-15,21.32
2019-12-16,21.29
2019-12-17,21.21
2019-12-18,21.09
2019-12-19,21.02
2019-12-20,21.02
2019-12-21,21.01
2019-12-22,21.02
2019-12-23,21.04
2019-12-24,21.05
2019-12-25,21.04
2019-12-26,21.04
2019-12-27,21.01
2019-12-28,21.01
2019-12-29,21.01
2019-12-30,21.02
2019-12-31,21.04
2020-01-01,21.05
2020-01-02,21.04
2020-01-03,21.02
2020-01-04,21.02
2020-01-05,21
2020-01-06,20.98
2020-01-07,20.96
2020-01-08,20.94
2020-01-09,20.93
2020-01-10,20.91
2020-01-11,20.87
2020-01-12,20.87
2020-01-13,20.87
2020-01-14,20.89
2020-01-15,20.89
2020-01-16,20.89
2020-01-17,20.89
2020-01-18,20.87
2020-01-19,20.85
2020-01-20,20.82
2020-01-21,20.81
2020-01-22,20.79
2020-01-23,20.78
2020-01-24,20.79
2020-01-25,20.78
2020-01-26,20.78
2020-01-27,20.78
2020-01-28,20.78
2020-01-29,20.78
2020-01-30,20.78
2020-01-31,20.74
2020-02-01,20.7
2020-02-02,20.68
2020-02-03,20.68
2020-02-04,20.67
2020-02-05,20.68
2020-02-06,20.67
2020-02-07,20.68
2020-02-08,20.67
2020-02-09,20.66
2020-02-10,20.67
2020-02-11,20.67
2020-02-12,20.7
2020-02-13,20.71
2020-02-14,20.72
2020-02-15,20.74
2020-02-16,20.75
2020-02-17,20.77
2020-02-18,20.77
2020-02-19,20.78
2020-02-20,20.78
2020-02-21,20.78
2020-02-22,20.79
2020-02-23,20.79
2020-02-24,20.81
2020-02-25,20.82
2020-02-26,20.82
2020-02-27,20.85
2020-02-28,20.85
2020-02-29,20.86
2020-03-01,20.86
2020-03-02,20.87
2020-03-03,20.86
2020-03-04,20.87
2020-03-05,20.87
2020-03-06,20.87
2020-03-07,20.87
2020-03-08,20.89
2020-03-09,20.89
2020-03-10,20.9
2020-03-11,20.9
2020-03-12,20.91
2020-03-13,20.91
2020-03-14,20.93
2020-03-15,20.93
2020-03-16,20.93
2020-03-17,20.93
2020-03-18,20.93
2020-03-19,20.94
2020-03-20,20.97
2020-03-21,21
2020-03-22,21.02
2020-03-23,21.06
2020-03-24,21.08
2020-03-25,21.1
2020-03-26,21.12
2020-03-27,21.12
2020-03-28,21.12
2020-03-29,21.13
2020-03-30,21.15
2020-03-31,21.16
2020-04-01,21.16
2020-04-02,21.19
2020-04-03,21.21
2020-04-04,21.24
2020-04-05,21.25
2020-04-06,21.27
2020-04-07,21.29
2020-04-08,21.32
2020-04-09,21.36
2020-04-10,21.39
2020-04-11,21.42
2020-04-12,21.46
2020-04-13,21.48
2020-04-14,21.54
2020-04-15,21.62
2020-04-16,21.69
2020-04-17,21.74
2020-04-18,21.8
2020-04-19,21.84
2020-04-20,21.9
2020-04-21,21.93
2020-04-22,21.97
2020-04-23,22.01
2020-04-24,22.05
2020-04-25,22.08
2020-04-26,22.12
2020-04-27,22.15
2020-04-28,22.19
2020-04-29,22.22
2020-04-30,22.24
2020-05-01,22.27
2020-05-02,22.31
2020-05-03,22.34
2020-05-04,22.35
2020-05-05,22.41
2020-05-06,22.46
2020-05-07,22.47
2020-05-08,22.5
2020-05-09,22.54
2020-05-10,22.57
2020-05-11,22.62
2020-05-12,22.72
2020-05-13,22.81
2020-05-14,22.92
2020-05-15,25.19
2020-05-16,27.05
2020-05-17,27.64
2020-05-18,29.81
2020-05-19,29.88
2020-05-20,29.88
2020-05-21,29.83
2020-05-22,29.53
2020-05-23,29.19
2020-05-24,29.07
2020-05-25,29.58
2020-05-26,30.54
2020-05-27,30.27
2020-05-28,29.99
2020-05-29,29.73
2020-05-30,29.5
2020-05-31,29.31
2020-06-01,29.13
2020-06-02,29.04
2020-06-03,28.94
2020-06-04,28.85
2020-06-05,28.77
2020-06-06,29.04
2020-06-07,28.96
2020-06-08,28.9
2020-06-09,28.84
2020-06-10,29.12
2020-06-11,29.24
2020-06-12,29.19
2020-06-13,29.12
2020-06-14,28.96
2020-06-15,28.82
2020-06-16,28.74
2020-06-17,28.69
2020-06-18,28.63
2020-06-19,28.56
2020-06-20,28.51
2020-06-21,28.44
2020-06-22,28.35
2020-06-23,28.23
2020-06-24,28.21
2020-06-25,28.28
2020-06-26,28.23
2020-06-27,28.2
2020-06-28,28.98
2020-06-29,29.15
2020-06-30,29.28
2020-07-01,29.01
2020-07-02,29.01
2020-07-03,29.09
2020-07-04,28.93
2020-07-05,28.78
2020-07-06,28.69
2020-07-07,28.89
2020-07-08,28.81
2020-07-09,28.8
2020-07-10,28.96
2020-07-11,29.34
2020-07-12,29.19
2020-07-13,29
2020-07-14,28.81
2020-07-15,28.67
2020-07-16,28.54
2020-07-17,28.43
2020-07-18,28.29
2020-07-19,28.18
2020-07-20,28.21
2020-07-21,28.21
2020-07-22,28.25
2020-07-23,28.51
2020-07-24,28.58
2020-07-25,28.59
2020-07-26,28.63
2020-07-27,28.85
2020-07-28,29.35
2020-07-29,29.16
2020-07-30,29.23
2020-07-31,29.03
2020-08-01,29.34
2020-08-02,29.54
2020-08-03,29.27
2020-08-04,29.23
2020-08-05,29.03
2020-08-06,28.86
2020-08-07,28.74
2020-08-08,28.61
2020-08-09,28.59
2020-08-10,28.93
2020-08-11,28.85
2020-08-12,29.03
2020-08-13,28.94
2020-08-14,28.96
2020-08-15,28.9
2020-08-16,28.78
2020-08-17,28.67
2020-08-18,28.61
2020-08-19,29.36
2020-08-20,29.15
2020-08-21,29.07
2020-08-22,29
2020-08-23,28.86
2020-08-24,28.73
2020-08-25,28.62
2020-08-26,28.52
2020-08-27,28.67
2020-08-28,29.22
2020-08-29,29.09
2020-08-30,28.97
2020-08-31,28.86
2020-09-01,29.23
2020-09-02,29.2
2020-09-03,29.12
2020-09-04,29.46
2020-09-05,29.28
2020-09-06,29.11
2020-09-07,28.98
2020-09-08,28.9
2020-09-09,28.82
2020-09-10,28.75
2020-09-11,28.7
2020-09-12,28.65
2020-09-13,28.61
2020-09-14,28.55
2020-09-15,28.5
2020-09-16,28.46
2020-09-17,28.4
2020-09-18,28.35
2020-09-19,28.39
2020-09-20,28.43
2020-09-21,28.44
2020-09-22,28.43
2020-09-23,28.42
2020-09-24,28.37
2020-09-25,28.35
2020-09-26,28.33
2020-09-27,28.29
2020-09-28,28.28
2020-09-29,28.25
2020-09-30,28.24
2020-10-01,28.21
2020-10-02,28.2
2020-10-03,28.2
2020-10-04,28.21
2020-10-05,28.23
2020-10-06,28.24
2020-10-07,28.25
2020-10-08,28.25
2020-10-09,28.23
2020-10-10,28.23
2020-10-11,28.2
2020-10-12,28.18
2020-10-13,28.16
2020-10-14,28.12
2020-10-15,28.06
2020-10-16,28.02
2020-10-17,27.99
2020-10-18,27.97
2020-10-19,27.94
2020-10-20,27.91
2020-10-21,27.86
2020-10-22,27.82
2020-10-23,27.79
2020-10-24,27.76
2020-10-25,27.74
2020-10-26,27.7
2020-10-27,27.66
2020-10-28,27.62
2020-10-29,27.56
2020-10-30,27.49
2020-10-31,27.45
2020-11-01,27.4
2020-11-02,27.33
2020-11-03,27.26
2020-11-04,27.18
2020-11-05,27.1
2020-11-06,27
2020-11-07,26.9
2020-11-08,26.79
2020-11-09,26.68
2020-11-10,26.58
2020-11-11,26.49
2020-11-12,26.38
2020-11-13,26.29
2020-11-14,26.2
2020-11-15,26.12
2020-11-16,26.03
2020-11-17,25.92
2020-11-18,25.78
2020-11-19,25.63
2020-11-20,25.44
2020-11-21,25.23
2020-11-22,24.81
2020-11-23,23.98
2020-11-24,23.1
2020-11-25,22.39
2020-11-26,21.93
2020-11-27,21.7
2020-11-28,21.63
2020-11-29,21.63
2020-11-30,21.59
2020-12-01,21.46
2020-12-02,21.38
2020-12-03,21.35
2020-12-04,21.35
2020-12-05,21.36
2020-12-06,21.32
2020-12-07,21.17
2020-12-08,21.1
2020-12-09,21.08
2020-12-10,21.05
2020-12-11,20.98
2020-12-12,20.91
2020-12-13,20.85
2020-12-14,20.77
2020-12-15,20.7
2020-12-16,20.63
2020-12-17,20.58
2020-12-18,20.52
2020-12-19,20.48
2020-12-20,20.48
2020-12-21,20.51
2020-12-22,20.51
2020-12-23,20.48
2020-12-24,20.47
2020-12-25,20.47
2020-12-26,20.48
2020-12-27,20.51
2020-12-28,20.49
2020-12-29,20.47
2020-12-30,20.45
2020-12-31,20.43
2021-01-01,20.39
2021-01-02,20.36
2021-01-03,20.33
2021-01-04,20.3
2021-01-05,20.28
2021-01-06,20.28
2021-01-07,20.26
2021-01-08,20.25
2021-01-09,20.22
2021-01-10,20.21
2021-01-11,20.18
2021-01-12,20.21
2021-01-13,20.22
2021-01-14,20.25
2021-01-15,20.26
2021-01-16,20.28
2021-01-17,20.29
2021-01-18,20.3
2021-01-19,20.32
2021-01-20,20.32
2021-01-21,20.33
2021-01-22,20.33
2021-01-23,20.33
2021-01-24,20.3
2021-01-25,20.28
2021-01-26,20.28
2021-01-27,20.25
2021-01-28,20.25
2021-01-29,20.24
2021-01-30,20.21
2021-01-31,20.21
2021-02-01,20.24
2021-02-02,20.26
2021-02-03,20.26
2021-02-04,20.26
2021-02-05,20.25
2021-02-06,20.25
2021-02-07,20.28
2021-02-08,20.29
2021-02-09,20.33
2021-02-10,20.36
2021-02-11,20.37
2021-02-12,20.39
2021-02-13,20.4
2021-02-14,20.4
2021-02-15,20.4
2021-02-16,20.41
2021-02-17,20.4
2021-02-18,20.4
2021-02-19,20.4
2021-02-20,20.43
2021-02-21,20.44
2021-02-22,20.45
2021-02-23,20.48
2021-02-24,20.49
2021-02-25,20.51
2021-02-26,20.51
2021-02-27,20.49
2021-02-28,20.48
2021-03-01,20.48
2021-03-02,20.47
2021-03-03,20.48
2021-03-04,20.48
2021-03-05,20.48
2021-03-06,20.51
2021-03-07,20.51
2021-03-08,20.52
2021-03-09,20.53
2021-03-10,20.55
2021-03-11,20.56
2021-03-12,20.58
2021-03-13,20.59
2021-03-14,20.59
2021-03-15,20.62
2021-03-16,20.63
2021-03-17,20.64
2021-03-18,20.63
2021-03-19,20.63
2021-03-20,20.63
2021-03-21,20.63
2021-03-22,20.63
2021-03-23,20.64
2021-03-24,20.66
2021-03-25,20.66
2021-03-26,20.67
2021-03-27,20.7
2021-03-28,20.71
2021-03-29,20.74
2021-03-30,20.75
2021-03-31,20.77
2021-04-01,20.78
2021-04-02,20.77
2021-04-03,20.78
2021-04-04,20.78
2021-04-05,20.78
2021-04-06,20.78
2021-04-07,20.79
2021-04-08,20.79
2021-04-09,20.79
2021-04-10,20.79
2021-04-11,20.81
2021-04-12,20.81
2021-04-13,20.82
2021-04-14,20.86
2021-04-15,20.89
2021-04-16,20.98
2021-04-17,21.05
2021-04-18,21.12
2021-04-19,21.17
2021-04-20,21.24
2021-04-21,21.28
2021-04-22,21.34
2021-04-23,21.36
2021-04-24,21.42
2021-04-25,21.44
2021-04-26,21.47
2021-04-27,21.51
2021-04-28,21.55
2021-04-29,21.58
2021-04-30,21.61
2021-05-01,21.65
2021-05-02,21.67
2021-05-03,21.71
2021-05-04,21.74
2021-05-05,21.77
2021-05-06,21.8
2021-05-07,21.84
2021-05-08,21.86
2021-05-09,21.9
2021-05-10,21.96
2021-05-11,22
2021-05-12,22.05
2021-05-13,22.11
2021-05-14,22.16
2021-05-15,22.23
2021-05-16,22.3
2021-05-17,22.41
2021-05-18,22.49
2021-05-19,22.6
2021-05-20,22.71
2021-05-21,22.79
2021-05-22,23
2021-05-23,23.26
2021-05-24,23.71
2021-05-25,24.48
2021-05-26,25.63
2021-05-27,27.14
2021-05-28,28.71
2021-05-29,29.11
2021-05-30,28.98
2021-05-31,28.98
2021-06-01,28.92
2021-06-02,28.84
2021-06-03,28.8
2021-06-04,28.73
2021-06-05,28.66
2021-06-06,28.59
2021-06-07,28.65
2021-06-08,28.78
2021-06-09,28.93
2021-06-10,28.9
2021-06-11,28.88
2021-06-12,28.88
2021-06-13,28.92
2021-06-14,28.88
2021-06-15,28.81
2021-06-16,28.73
2021-06-17,28.75
2021-06-18,29.08
2021-06-19,29.05
2021-06-20,29.01
2021-06-21,29.07
2021-06-22,28.94
2021-06-23,28.84
2021-06-24,28.73
2021-06-25,28.65
2021-06-26,28.77
2021-06-27,29.11
2021-06-28,28.96
2021-06-29,28.82
2021-06-30,28.71
2021-07-01,28.59
2021-07-02,28.47
2021-07-03,28.36
2021-07-04,28.32
2021-07-05,28.31
2021-07-06,28.24
2021-07-07,28.27
2021-07-08,28.27
2021-07-09,28.17
2021-07-10,28.12
2021-07-11,28.31
2021-07-12,28.86
2021-07-13,28.88
2021-07-14,28.86
2021-07-15,28.81
2021-07-16,29.16
2021-07-17,29.34
2021-07-18,29.05
2021-07-19,28.86
2021-07-20,28.74
2021-07-21,28.61
2021-07-22,28.56
2021-07-23,28.54
2021-07-24,28.43
2021-07-25,28.29
2021-07-26,28.17
2021-07-27,28.01
2021-07-28,27.89
2021-07-29,27.71
2021-07-30,27.56
2021-07-31,27.55
2021-08-01,27.55
2021-08-02,27.49
2021-08-03,27.48
2021-08-04,27.52
2021-08-05,27.53
2021-08-06,27.51
2021-08-07,27.48
2021-08-08,27.41
2021-08-09,27.33
2021-08-10,27.24
2021-08-11,27.13
2021-08-12,26.96
2021-08-13,26.84
2021-08-14,26.73
2021-08-15,26.71
2021-08-16,26.75
2021-08-17,27.14
2021-08-18,27.89
2021-08-19,28.14
2021-08-20,28.2
2021-08-21,28.21
2021-08-22,28.17
2021-08-23,28.16
2021-08-24,28.09
2021-08-25,28.08
2021-08-26,28.02
2021-08-27,27.99
2021-08-28,27.98
2021-08-29,28.02
2021-08-30,28.04
2021-08-31,28.05
2021-09-01,28.06
2021-09-02,28.05
2021-09-03,28.05
2021-09-04,28.01
2021-09-05,27.99
2021-09-06,27.97
2021-09-07,27.9
2021-09-08,27.86
2021-09-09,27.8
2021-09-10,27.78
2021-09-11,27.75
2021-09-12,27.79
2021-09-13,27.87
2021-09-14,27.94
2021-09-15,27.95
2021-09-16,27.95
2021-09-17,27.94
2021-09-18,27.93
2021-09-19,27.9
2021-09-20,27.87
2021-09-21,27.86
2021-09-22,27.85
2021-09-23,27.82
2021-09-24,27.79
2021-09-25,27.75
2021-09-26,27.71
2021-09-27,27.7
2021-09-28,27.7
2021-09-29,27.66
2021-09-30,27.63
2021-10-01,27.6
2021-10-02,27.59
2021-10-03,27.57
2021-10-04,27.56
2021-10-05,27.55
2021-10-06,27.55
2021-10-07,27.55
2021-10-08,27.55
2021-10-09,27.55
2021-10-10,27.55
2021-10-11,27.53
2021-10-12,27.55
2021-10-13,27.53
2021-10-14,27.53
2021-10-15,27.52
2021-10-16,27.53
2021-10-17,27.52
2021-10-18,27.51
2021-10-19,27.48
2021-10-20,27.48
2021-10-21,27.44
2021-10-22,27.44
2021-10-23,27.43
2021-10-24,27.41
2021-10-25,27.4
2021-10-26,27.38
2021-10-27,27.38
2021-10-28,27.36
2021-10-29,27.34
2021-10-30,27.32
2021-10-31,27.29
2021-11-01,27.26
2021-11-02,27.25
2021-11-03,27.21
2021-11-04,27.15
2021-11-05,27.14
2021-11-06,27.1
2021-11-07,27.06
2021-11-08,27
2021-11-09,26.95
2021-11-10,26.9
2021-11-11,26.83
2021-11-12,26.76
2021-11-13,26.69
2021-11-14,26.61
2021-11-15,26.54
2021-11-16,26.46
2021-11-17,26.38
2021-11-18,26.31
2021-11-19,26.26
2021-11-20,26.19
2021-11-21,26.11
2021-11-22,26.01
2021-11-23,25.93
2021-11-24,25.84
2021-11-25,25.73
2021-11-26,25.63
2021-11-27,25.55
2021-11-28,25.46
2021-11-29,25.39
2021-11-30,25.31
2021-12-01,25.23
2021-12-02,25.12
2021-12-03,25.02
2021-12-04,24.85
2021-12-05,24.63
2021-12-06,24.43
2021-12-07,24.18
2021-12-08,23.94
2021-12-09,23.68
2021-12-10,23.42
2021-12-11,23.21
2021-12-12,22.95
2021-12-13,22.68
2021-12-14,22.45
2021-12-15,22.2
2021-12-16,21.96
2021-12-17,21.73
2021-12-18,21.54
2021-12-19,21.43
2021-12-20,21.36
2021-12-21,21.38
2021-12-22,21.36
2021-12-23,21.35
2021-12-24,21.35
2021-12-25,21.34
2021-12-26,21.32
2021-12-27,21.31
2021-12-28,21.28
2021-12-29,21.25
2021-12-30,21.21
2021-12-31,21.16
2022-01-01,21.12
2022-01-02,21.1
2022-01-03,21.1
2022-01-04,21.09
2022-01-05,21.1
2022-01-06,21.1
2022-01-07,21.1
2022-01-08,21.08
2022-01-09,21.05
2022-01-10,21.01
2022-01-11,20.97
2022-01-12,20.94
2022-01-13,20.9
2022-01-14,20.87
2022-01-15,20.87
2022-01-16,20.87
2022-01-17,20.89
2022-01-18,20.89
2022-01-19,20.91
2022-01-20,20.91
2022-01-21,20.93
2022-01-22,20.93
2022-01-23,20.94
2022-01-24,20.93
2022-01-25,20.93
2022-01-26,20.93
2022-01-27,20.93
2022-01-28,20.9
2022-01-29,20.9
2022-01-30,20.9
2022-01-31,20.9
2022-02-01,20.9
2022-02-02,20.89
2022-02-03,20.87
2022-02-04,20.87
2022-02-05,20.87
2022-02-06,20.87
2022-02-07,20.86
2022-02-08,20.86
2022-02-09,20.87
2022-02-10,20.87
2022-02-11,20.87
2022-02-12,20.87
2022-02-13,20.87
2022-02-14,20.89
2022-02-15,20.89
2022-02-16,20.9
2022-02-17,20.9
2022-02-18,20.89
2022-02-19,20.89
2022-02-20,20.87
2022-02-21,20.86
2022-02-22,20.86
2022-02-23,20.85
2022-02-24,20.85
2022-02-25,20.86
2022-02-26,20.86
2022-02-27,20.86
2022-02-28,20.87
2022-03-01,20.87
2022-03-02,20.87
2022-03-03,20.87
2022-03-04,20.87
2022-03-05,20.89
2022-03-06,20.89
2022-03-07,20.91
2022-03-08,20.93
2022-03-09,20.93
2022-03-10,20.94
2022-03-11,20.97
2022-03-12,20.98
2022-03-13,21.01
2022-03-14,21.02
2022-03-15,21.04
2022-03-16,21.05
2022-03-17,21.08
2022-03-18,21.09
2022-03-19,21.12
2022-03-20,21.13
2022-03-21,21.16
2022-03-22,21.17
2022-03-23,21.19
2022-03-24,21.2
2022-03-25,21.21
2022-03-26,21.23
2022-03-27,21.24
2022-03-28,21.25
2022-03-29,21.27
2022-03-30,21.28
2022-03-31,21.28
2022-04-01,21.29
2022-04-02,21.31
2022-04-03,21.32
2022-04-04,21.32
2022-04-05,21.32
2022-04-06,21.34
2022-04-07,21.36
2022-04-08,21.42
2022-04-09,21.51
2022-04-10,21.61
2022-04-11,21.69
2022-04-12,21.74
2022-04-13,21.8
2022-04-14,21.85
2022-04-15,21.89
2022-04-16,21.95
2022-04-17,21.97
2022-04-18,22.01
2022-04-19,22.05
2022-04-20,22.08
2022-04-21,22.12
2022-04-22,22.15
2022-04-23,22.18
2022-04-24,22.2
2022-04-25,22.24
2022-04-26,22.27
2022-04-27,22.3
2022-04-28,22.31
2022-04-29,22.35
2022-04-30,22.38
2022-05-01,22.39
2022-05-02,22.42
2022-05-03,22.43
2022-05-04,22.46
2022-05-05,22.47
2022-05-06,22.5
2022-05-07,22.53
2022-05-08,22.54
2022-05-09,26.72
2022-05-10,26.71
2022-05-11,28.27
2022-05-12,27.67
2022-05-13,27.17
2022-05-14,27.09
2022-05-15,27.1
2022-05-16,28.12
2022-05-17,28.43
2022-05-18,28.28
2022-05-19,28.42
2022-05-20,28.44
2022-05-21,28.44
2022-05-22,28.48
2022-05-23,28.62
2022-05-24,29.07
2022-05-25,28.81
2022-05-26,28.9
2022-05-27,30.75
2022-05-28,30.73
2022-05-29,30.63
2022-05-30,30.76
2022-05-31,30.76
2022-06-01,31.16
2022-06-02,30.75
2022-06-03,30.52
2022-06-04,30.26
2022-06-05,30.22
2022-06-06,29.96
2022-06-07,29.73
2022-06-08,29.6
2022-06-09,29.38
2022-06-10,29.22
2022-06-11,29.09
2022-06-12,29.01
2022-06-13,29.05
2022-06-14,29.26
2022-06-15,29.09
2022-06-16,29.22
2022-06-17,29.09
2022-06-18,28.96
2022-06-19,28.96
2022-06-20,28.88
2022-06-21,28.8
2022-06-22,28.77
2022-06-23,28.7
2022-06-24,28.67
2022-06-25,28.88
2022-06-26,28.92
2022-06-27,28.81
2022-06-28,28.7
2022-06-29,28.71
2022-06-30,28.67
2022-07-01,28.58
2022-07-02,28.52
2022-07-03,28.37
2022-07-04,28.27
2022-07-05,28.12
2022-07-06,28.09
2022-07-07,28.04
2022-07-08,27.99
2022-07-09,27.9
2022-07-10,27.79
2022-07-11,27.67
2022-07-12,27.59
2022-07-13,27.52
2022-07-14,27.47
2022-07-15,27.44
2022-07-16,27.36
2022-07-17,27.25
2022-07-18,27.1
2022-07-19,26.95
2022-07-20,26.8
2022-07-21,26.61
2022-07-22,26.38
2022-07-23,26.16
2022-07-24,25.95
2022-07-25,25.78
2022-07-26,25.59
2022-07-27,25.4
2022-07-28,25.24
2022-07-29,25.15
2022-07-30,25.15
2022-07-31,25.17
2022-08-01,25.23
2022-08-02,25.27
2022-08-03,25.3
2022-08-04,25.31
2022-08-05,25.35
2022-08-06,25.38
2022-08-07,25.4
2022-08-08,25.4
2022-08-09,25.42
2022-08-10,25.46
2022-08-11,25.53
2022-08-12,25.58
2022-08-13,25.66
2022-08-14,25.72
2022-08-15,25.74
2022-08-16,25.76
2022-08-17,25.77
2022-08-18,25.74
2022-08-19,25.66
2022-08-20,25.63
2022-08-21,25.59
2022-08-22,25.58
2022-08-23,25.54
2022-08-24,25.51
2022-08-25,25.47
2022-08-26,25.46
2022-08-27,25.47
2022-08-28,25.49
2022-08-29,25.51
2022-08-30,25.53
2022-08-31,25.54
2022-09-01,25.55
2022-09-02,25.57
2022-09-03,25.57
2022-09-04,25.55
2022-09-05,25.55
2022-09-06,25.54
2022-09-07,25.54
2022-09-08,25.53
2022-09-09,25.5
2022-09-10,25.5
2022-09-11,25.47
2022-09-12,25.5
2022-09-13,25.55
2022-09-14,25.61
2022-09-15,25.68
2022-09-16,25.72
2022-09-17,25.74
2022-09-18,25.77
2022-09-19,25.78
2022-09-20,25.8
2022-09-21,25.81
2022-09-22,25.81
2022-09-23,25.82
2022-09-24,25.84
2022-09-25,25.85
2022-09-26,25.85
2022-09-27,25.85
2022-09-28,25.85
2022-09-29,25.85
2022-09-30,25.84
2022-10-01,25.84
2022-10-02,25.81
2022-10-03,25.8
2022-10-04,25.8
2022-10-05,25.8
2022-10-06,25.8
2022-10-07,25.82
2022-10-08,25.85
2022-10-09,25.93
2022-10-10,26.03
2022-10-11,26.1
2022-10-12,26.16
2022-10-13,26.2
2022-10-14,26.26
2022-10-15,26.29
2022-10-16,26.31
2022-10-17,26.31
2022-10-18,26.33
2022-10-19,26.34
2022-10-20,26.34
2022-10-21,26.34
2022-10-22,26.35
2022-10-23,26.35
2022-10-24,26.35
2022-10-25,26.35
2022-10-26,26.35
2022-10-27,26.35
2022-10-28,26.35
2022-10-29,26.35
2022-10-30,26.35
2022-10-31,26.35
2022-11-01,26.35
2022-11-02,26.35
2022-11-03,26.35
2022-11-04,26.34
2022-11-05,26.33
2022-11-06,26.33
2022-11-07,26.33
2022-11-08,26.31
2022-11-09,26.3
2022-11-10,26.3
2022-11-11,26.29
2022-11-12,26.29
2022-11-13,26.27
2022-11-14,26.27
2022-11-15,26.26
2022-11-16,26.25
2022-11-17,26.23
2022-11-18,26.22
2022-11-19,26.19
2022-11-20,26.19
2022-11-21,26.18
2022-11-22,26.16
2022-11-23,26.16
2022-11-24,26.15
2022-11-25,26.14
2022-11-26,26.14
2022-11-27,26.1
2022-11-28,26.08
2022-11-29,26.1
2022-11-30,26.07
2022-12-01,26.04
2022-12-02,26.01
2022-12-03,26.01
2022-12-04,26
2022-12-05,25.97
2022-12-06,25.95
2022-12-07,25.92
2022-12-08,25.89
2022-12-09,25.85
2022-12-10,25.82
2022-12-11,25.8
2022-12-12,25.77
2022-12-13,25.72
2022-12-14,25.68
2022-12-15,25.65
2022-12-16,25.59
2022-12-17,25.55
2022-12-18,25.49
2022-12-19,25.44
2022-12-20,25.39
2022-12-21,25.34
2022-12-22,25.3
2022-12-23,25.23
2022-12-24,25.19
2022-12-25,25.13
2022-12-26,25.09
2022-12-27,25.04
2022-12-28,24.98
2022-12-29,24.93
2022-12-30,24.86
2022-12-31,24.81
2023-01-01,24.75
2023-01-02,24.7
2023-01-03,24.64
2023-01-04,24.59
2023-01-05,24.54
2023-01-06,24.41
2023-01-07,24.28
2023-01-08,24.1
2023-01-09,23.93
2023-01-10,23.75
2023-01-11,23.57
2023-01-12,23.42
2023-01-13,23.26
2023-01-14,23
2023-01-15,22.88
2023-01-16,22.62
2023-01-17,22.38
2023-01-18,22.12
2023-01-19,21.92
2023-01-20,21.77
2023-01-21,21.63
2023-01-22,21.53
2023-01-23,21.44
2023-01-24,21.38
2023-01-25,21.32
2023-01-26,21.29
2023-01-27,21.24
2023-01-28,21.2
2023-01-29,21.17
2023-01-30,21.15
2023-01-31,21.13
2023-02-01,21.13
2023-02-02,21.12
2023-02-03,21.12
2023-02-04,21.13
2023-02-05,21.13
2023-02-06,21.15
2023-02-07,21.16
2023-02-08,21.15
2023-02-09,21.13
2023-02-10,21.12
2023-02-11,21.12
2023-02-12,21.12
2023-02-13,21.09
2023-02-14,21.06
2023-02-15,21.04
2023-02-16,21.02
2023-02-17,21.02
2023-02-18,21.02
2023-02-19,21.04
2023-02-20,21.05
2023-02-21,21.06
2023-02-22,21.08
2023-02-23,21.06
2023-02-24,21.08
2023-02-25,21.08
2023-02-26,21.08
2023-02-27,21.09
2023-02-28,21.1
2023-03-01,21.09
2023-03-02,21.08
2023-03-03,21.08
2023-03-04,21.06
2023-03-05,21.08
2023-03-06,21.09
2023-03-07,21.09
2023-03-08,21.1
2023-03-09,21.12
2023-03-10,21.13
2023-03-14,21.2
2023-03-15,21.21
2023-03-16,21.24
2023-03-17,21.25
2023-03-18,21.25
2023-03-19,21.25
2023-03-20,21.25
2023-03-21,21.24
2023-03-22,21.23
2023-03-23,21.24
2023-03-24,21.24
2023-03-25,21.23
2023-03-26,21.23
2023-03-27,21.23
2023-03-28,21.23
2023-03-29,21.24
2023-03-30,21.25
2023-03-31,21.25
2023-04-01,21.29
2023-04-02,21.31
2023-04-03,21.34
2023-04-04,21.36
2023-04-05,21.38
2023-04-06,21.39
2023-04-07,21.4
2023-04-08,21.42
2023-04-09,21.43
2023-04-10,21.44
2023-04-11,21.47
2023-04-12,21.48
2023-04-13,21.51
2023-04-14,21.53
2023-04-15,21.54
2023-04-16,21.59
2023-04-17,21.65
2023-04-18,21.71
2023-04-19,21.77
2023-04-20,21.81
2023-04-21,21.88
2023-04-22,21.9
2023-04-23,21.96
2023-04-24,22
2023-04-25,22.04
2023-04-26,22.09
2023-04-27,22.14
2023-04-28,23.75
2023-04-29,28.24
2023-04-30,28.85
2023-05-01,28.97
2023-05-02,28.98
2023-05-03,29.03
2023-05-04,29.08
2023-05-05,29.11
2023-05-06,29.2
2023-05-07,29.27
2023-05-08,29.3
2023-05-09,29.34
2023-05-10,29.38
2023-05-11,29.46
2023-05-12,29.46
2023-05-13,29.45
2023-05-14,29.5
2023-05-15,29.47
2023-05-16,29.45
2023-05-17,29.8
2023-05-18,29.5
2023-05-19,29.65
2023-05-20,29.6
2023-05-21,29.3
2023-05-22,29.57
2023-05-23,29.46
2023-05-24,29.6
2023-05-25,29.36
2023-05-26,29.28
2023-05-27,29.57
2023-05-28,29.96
2023-05-29,29.84
2023-05-30,29.58
2023-05-31,29.45
2023-06-01,29.43
2023-06-02,29.46
2023-06-03,29.76
2023-06-04,30.8
2023-06-05,30.65
2023-06-06,30.46
2023-06-07,30.18
2023-06-08,29.87
2023-06-09,29.58
2023-06-10,29.36
2023-06-11,29.19
2023-06-12,29.05
2023-06-13,29
2023-06-14,29.3
2023-06-15,29.04
2023-06-16,28.93
2023-06-17,28.8
2023-06-18,28.71
2023-06-19,28.66
2023-06-20,28.78
2023-06-21,29.3
2023-06-22,29.17
2023-06-23,29.15
2023-06-24,28.98
2023-06-25,28.82
2023-06-26,28.75
2023-06-27,28.86
2023-06-28,28.78
2023-06-29,28.7
2023-06-30,28.63
2023-07-01,28.65
2023-07-02,28.62
2023-07-03,28.51
2023-07-04,28.46
2023-07-05,28.42
2023-07-06,28.5
2023-07-07,28.7
2023-07-08,28.7
2023-07-09,28.66
2023-07-10,28.63
2023-07-11,28.59
2023-07-12,28.47
2023-07-13,28.36
2023-07-14,28.2
2023-07-15,28.06
2023-07-16,27.89
2023-07-17,27.72
2023-07-18,27.55
2023-07-19,27.36
2023-07-20,27.15
2023-07-21,26.99
2023-07-22,26.9
2023-07-23,26.83
2023-07-24,26.68
2023-07-25,26.52
2023-07-26,26.37
2023-07-27,26.19
2023-07-28,26.14
2023-07-29,26.18
2023-07-30,26.15
2023-07-31,26.12
2023-08-01,26.08
2023-08-02,26.03
2023-08-03,26.04
2023-08-04,26
2023-08-05,25.93
2023-08-06,25.82
2023-08-07,25.76
2023-08-08,25.77
2023-08-09,25.8
2023-08-10,25.8
2023-08-11,25.8
2023-08-12,25.81
2023-08-13,25.84
2023-08-14,25.82
2023-08-15,25.88
2023-08-16,25.89
2023-08-17,25.88
2023-08-18,25.87
2023-08-19,25.84
2023-08-20,25.78
2023-08-21,25.72
2023-08-22,25.61
2023-08-23,25.57
2023-08-24,25.54
2023-08-25,25.54
2023-08-26,25.51
2023-08-27,25.5
2023-08-28,25.57
2023-08-29,25.84
2023-08-30,26.12
2023-08-31,26.27
2023-09-01,27.41
2023-09-02,28.44
2023-09-03,28.4
2023-09-04,28.32
2023-09-05,28.29
2023-09-06,28.51
2023-09-07,28.54
2023-09-08,28.5
2023-09-09,28.46
2023-09-10,28.46
2023-09-11,28.54
2023-09-12,28.69
2023-09-13,29.28
2023-09-14,29.15
2023-09-15,29.04
2023-09-16,29.03
2023-09-17,28.96
2023-09-18,28.93
2023-09-19,28.94
